package,zip_file,zip_path,json_files,category_id,category_name,category_name_norm,label_kind,box_count,image_count,corresponding_source
TL1,TL1.zip.part0,datasets/raw/aihub_banner/138.종합_민원_이미지_AI데이터/라벨링데이터/TL1.zip.part0,204000,21,엑스배너(낮),엑스배너(낮),xbanner,51084,24000,TS1.zip
TL1,TL1.zip.part0,datasets/raw/aihub_banner/138.종합_민원_이미지_AI데이터/라벨링데이터/TL1.zip.part0,204000,31,간이표지판(낮),간이표지판(낮),other,50350,24000,TS1.zip
TL1,TL1.zip.part0,datasets/raw/aihub_banner/138.종합_민원_이미지_AI데이터/라벨링데이터/TL1.zip.part0,204000,22,엑스배너(밤),엑스배너(밤),xbanner,50029,24000,TS1.zip
TL1,TL1.zip.part0,datasets/raw/aihub_banner/138.종합_민원_이미지_AI데이터/라벨링데이터/TL1.zip.part0,204000,32,간이표지판(밤),간이표지판(밤),other,49717,24000,TS1.zip
TL1,TL1.zip.part0,datasets/raw/aihub_banner/138.종합_민원_이미지_AI데이터/라벨링데이터/TL1.zip.part0,204000,29,간이의자(낮),간이의자(낮),other,34211,20000,TS1.zip
TL1,TL1.zip.part0,datasets/raw/aihub_banner/138.종합_민원_이미지_AI데이터/라벨링데이터/TL1.zip.part0,204000,23,비활성에어간판(낮),비활성에어간판(낮),other,31005,20000,TS1.zip
TL1,TL1.zip.part0,datasets/raw/aihub_banner/138.종합_민원_이미지_AI데이터/라벨링데이터/TL1.zip.part0,204000,30,간이의자(밤),간이의자(밤),other,21043,12000,TS1.zip
TL1,TL1.zip.part0,datasets/raw/aihub_banner/138.종합_민원_이미지_AI데이터/라벨링데이터/TL1.zip.part0,204000,28,간이테이블(밤),간이테이블(밤),other,18054,12000,TS1.zip
TL1,TL1.zip.part0,datasets/raw/aihub_banner/138.종합_민원_이미지_AI데이터/라벨링데이터/TL1.zip.part0,204000,27,간이테이블(낮),간이테이블(낮),other,18019,12000,TS1.zip
TL1,TL1.zip.part0,datasets/raw/aihub_banner/138.종합_민원_이미지_AI데이터/라벨링데이터/TL1.zip.part0,204000,24,비활성에어간판(밤),비활성에어간판(밤),other,15245,10000,TS1.zip
TL1,TL1.zip.part0,datasets/raw/aihub_banner/138.종합_민원_이미지_AI데이터/라벨링데이터/TL1.zip.part0,204000,26,활성에어간판(밤),활성에어간판(밤),other,15040,12000,TS1.zip
TL1,TL1.zip.part0,datasets/raw/aihub_banner/138.종합_민원_이미지_AI데이터/라벨링데이터/TL1.zip.part0,204000,25,활성에어간판(낮),활성에어간판(낮),other,11557,10000,TS1.zip
TL2,TL2.zip.part0,datasets/raw/aihub_banner/라벨링데이터/TL2.zip.part0,160000,9,가로현수막(낮),가로현수막(낮),banner,69830,40000,TS2.zip
TL2,TL2.zip.part0,datasets/raw/aihub_banner/라벨링데이터/TL2.zip.part0,160000,10,가로현수막(밤),가로현수막(밤),banner,69636,40000,TS2.zip
TL2,TL2.zip.part0,datasets/raw/aihub_banner/라벨링데이터/TL2.zip.part0,160000,11,세로현수막(낮),세로현수막(낮),banner,68702,40000,TS2.zip
TL2,TL2.zip.part0,datasets/raw/aihub_banner/라벨링데이터/TL2.zip.part0,160000,12,세로현수막(밤),세로현수막(밤),banner,67917,40000,TS2.zip
TL3,TL3.zip.part0,datasets/raw/aihub_banner/138.종합_민원_이미지_AI데이터/01.데이터/1.Training/라벨링데이터/TL3.zip.part0,160000,35,불법주정차승용차(낮),불법주정차승용차(낮),other,104978,40000,TS3.zip
TL3,TL3.zip.part0,datasets/raw/aihub_banner/138.종합_민원_이미지_AI데이터/01.데이터/1.Training/라벨링데이터/TL3.zip.part0,160000,36,불법주정차승용차(밤),불법주정차승용차(밤),other,100172,40000,TS3.zip
TL3,TL3.zip.part0,datasets/raw/aihub_banner/138.종합_민원_이미지_AI데이터/01.데이터/1.Training/라벨링데이터/TL3.zip.part0,160000,33,불법주정차SUV(낮),불법주정차suv(낮),other,72330,40000,TS3.zip
TL3,TL3.zip.part0,datasets/raw/aihub_banner/138.종합_민원_이미지_AI데이터/01.데이터/1.Training/라벨링데이터/TL3.zip.part0,160000,34,불법주정차SUV(밤),불법주정차suv(밤),other,69832,40000,TS3.zip
TL4,TL4.zip.part0,datasets/raw/aihub_banner/138.종합_민원_이미지_AI데이터/01.데이터/1.Training/라벨링데이터/TL4.zip.part0,64000,19,고깔(낮),고깔(낮),other,34568,16000,TS4.zip
TL4,TL4.zip.part0,datasets/raw/aihub_banner/138.종합_민원_이미지_AI데이터/01.데이터/1.Training/라벨링데이터/TL4.zip.part0,64000,20,고깔(밤),고깔(밤),other,33105,16000,TS4.zip
TL4,TL4.zip.part0,datasets/raw/aihub_banner/138.종합_민원_이미지_AI데이터/01.데이터/1.Training/라벨링데이터/TL4.zip.part0,64000,17,중장비(낮),중장비(낮),other,31151,16000,TS4.zip
TL4,TL4.zip.part0,datasets/raw/aihub_banner/138.종합_민원_이미지_AI데이터/01.데이터/1.Training/라벨링데이터/TL4.zip.part0,64000,18,중장비(밤),중장비(밤),other,22640,12000,TS4.zip
TL4,TL4.zip.part0,datasets/raw/aihub_banner/138.종합_민원_이미지_AI데이터/01.데이터/1.Training/라벨링데이터/TL4.zip.part0,64000,15,PE펜스(낮),pe펜스(낮),other,2644,1600,TS4.zip
TL4,TL4.zip.part0,datasets/raw/aihub_banner/138.종합_민원_이미지_AI데이터/01.데이터/1.Training/라벨링데이터/TL4.zip.part0,64000,16,PE펜스(밤),pe펜스(밤),other,1346,800,TS4.zip
TL4,TL4.zip.part0,datasets/raw/aihub_banner/138.종합_민원_이미지_AI데이터/01.데이터/1.Training/라벨링데이터/TL4.zip.part0,64000,14,안전간판(밤),안전간판(밤),other,1206,800,TS4.zip
TL4,TL4.zip.part0,datasets/raw/aihub_banner/138.종합_민원_이미지_AI데이터/01.데이터/1.Training/라벨링데이터/TL4.zip.part0,64000,13,안전간판(낮),안전간판(낮),other,1156,800,TS4.zip
TL5,TL5.zip.part0,datasets/raw/aihub_banner/138.종합_민원_이미지_AI데이터/01.데이터/1.Training/라벨링데이터/TL5.zip.part0,212000,5,골목포장쓰레기봉투더미(낮),골목포장쓰레기봉투더미(낮),other,50090,32000,TS5.zip
TL5,TL5.zip.part0,datasets/raw/aihub_banner/138.종합_민원_이미지_AI데이터/01.데이터/1.Training/라벨링데이터/TL5.zip.part0,212000,6,골목포장쓰레기봉투더미(밤),골목포장쓰레기봉투더미(밤),other,48883,32000,TS5.zip
TL5,TL5.zip.part0,datasets/raw/aihub_banner/138.종합_민원_이미지_AI데이터/01.데이터/1.Training/라벨링데이터/TL5.zip.part0,212000,2,도로변쓰레기봉투더미(밤),도로변쓰레기봉투더미(밤),other,48082,32000,TS5.zip
TL5,TL5.zip.part0,datasets/raw/aihub_banner/138.종합_민원_이미지_AI데이터/01.데이터/1.Training/라벨링데이터/TL5.zip.part0,212000,1,도로변쓰레기봉투더미(낮),도로변쓰레기봉투더미(낮),other,47056,32000,TS5.zip
TL5,TL5.zip.part0,datasets/raw/aihub_banner/138.종합_민원_이미지_AI데이터/01.데이터/1.Training/라벨링데이터/TL5.zip.part0,212000,7,골목비포장쓰레기(낮),골목비포장쓰레기(낮),other,44682,28000,TS5.zip
TL5,TL5.zip.part0,datasets/raw/aihub_banner/138.종합_민원_이미지_AI데이터/01.데이터/1.Training/라벨링데이터/TL5.zip.part0,212000,8,골목비포장쓰레기(밤),골목비포장쓰레기(밤),other,35736,24000,TS5.zip
TL5,TL5.zip.part0,datasets/raw/aihub_banner/138.종합_민원_이미지_AI데이터/01.데이터/1.Training/라벨링데이터/TL5.zip.part0,212000,3,도로변비포장쓰레기(낮),도로변비포장쓰레기(낮),other,24078,16000,TS5.zip
TL5,TL5.zip.part0,datasets/raw/aihub_banner/138.종합_민원_이미지_AI데이터/01.데이터/1.Training/라벨링데이터/TL5.zip.part0,212000,4,도로변비포장쓰레기(밤),도로변비포장쓰레기(밤),other,22519,16000,TS5.zip
